﻿<?xml version="1.0" encoding="UTF-8" standalone="yes"?>
<addon id="repository.aznhusband-kodi-repo" version="1.0.0" name="aznhusband-kodi-repo" provider-name="aznhusband">
	<extension point="xbmc.addon.repository" name="aznhusband-kodi-repo">
    <info compressed="false">https://aznhusband.github.io/addons.xml</info>
    <checksum>https://aznhusband.github.io/addons.xml.md5</checksum>
    <datadir zip="true">https://aznhusband.github.io/plugin.video.icdrama</datadir>
	</extension>
	<extension point="xbmc.addon.metadata">
		<summary lang="en">aznhusband-kodi-repo</summary>
		<description lang="en">aznhusband-kodi-repo</description>
		<platform>all</platform>
	</extension>
</addon>

